{"extCodeMirrorConfig":{"pluginModules":["ext.CodeMirror.addons"],"tagModes":{"ref":"text/mediawiki","pre":"mw-tag-pre","nowiki":"mw-tag-nowiki"},"tags":{"pre":true,"nowiki":true,"gallery":true,"indicator":true,"langconvert":true,"timeline":true,"hiero":true,"charinsert":true,"inputbox":true,"imagemap":true,"source":true,"syntaxhighlight":true,"poem":true,"categorytree":true,"score":true,"templatestyles":true,"templatedata":true,"math":true,"ce":true,"chem":true,"graph":true,"maplink":true,"mapframe":true,"ref":true,"references":true,"section":true},"doubleUnderscore":[{"__बिना_अनुक्रम__":"notoc","__विषय_सूची_हीन__":"notoc","__notoc__":"notoc","__गैलरी_नहीं__":"nogallery","__nogallery__":"nogallery","__अनुक्रम_दिखाएँ__":"forcetoc","__विषय_सूची_दिखाएँ__":"forcetoc",
"__विषय_सूची_दिखायें__":"forcetoc","__forcetoc__":"forcetoc","__अनुक्रम__":"toc","__विषय_सूची__":"toc","__toc__":"toc","__अनुभाग_सम्पादन_नहीं__":"noeditsection","__noeditsection__":"noeditsection","__notitleconvert__":"notitleconvert","__notc__":"notitleconvert","__nocontentconvert__":"nocontentconvert","__nocc__":"nocontentconvert"},{"__विषय_जोड़ें_कड़ी__":"newsectionlink","__NEWSECTIONLINK__":"newsectionlink","__विषय_जोड़े_कड़ी_रहित__":"nonewsectionlink","__NONEWSECTIONLINK__":"nonewsectionlink","__छुपी_श्रेणी__":"hiddencat","__छिपी_श्रेणी__":"hiddencat","__HIDDENCAT__":"hiddencat","__EXPECTUNUSEDCATEGORY__":"expectunusedcategory","__सूचीबद्ध__":"index","__INDEX__":"index","__असूचीबद्ध__":"noindex","__NOINDEX__":"noindex",
"__स्थिर_पुनर्प्रेषण__":"staticredirect","__स्थिर_अनुप्रेषण__":"staticredirect","__STATICREDIRECT__":"staticredirect","__NOGLOBAL__":"noglobal","__DISAMBIG__":"disambiguation"}],"functionSynonyms":[{"नामस्थान":"ns","ns":"ns","नामस्थान_कोड":"nse","nse":"nse","यू_आर_एल_कोड":"urlencode","urlencode":"urlencode","छोटे_अक्षर_से_शुरू":"lcfirst","lcfirst":"lcfirst","बड़े_अक्षर_से_शुरू":"ucfirst","ucfirst":"ucfirst","छोटे_अक्षर":"lc","lc":"lc","बड़े_अक्षर":"uc","uc":"uc","स्थानीय_यू_आर_एल":"localurl","localurl":"localurl","स्थानीय_यू_आर_एल_कोड":"localurle","localurle":"localurle","पूर्ण_यू_आर_एल":"fullurl","fullurl":"fullurl","पूर्ण_यू_आर_एल_कोड":"fullurle","fullurle":"fullurle",
"मानक_यू_आर_एल":"canonicalurl","canonicalurl":"canonicalurl","मानक_यू_आर_एल_कोड":"canonicalurle","canonicalurle":"canonicalurle","संख्या_रूप":"formatnum","formatnum":"formatnum","व्याकरण":"grammar","grammar":"grammar","लिंग":"gender","gender":"gender","वचन":"plural","plural":"plural","bidi":"bidi","#भाषा":"language","#language":"language","बाएँ_जोड़ें":"padleft","बायें_जोड़ें":"padleft","padleft":"padleft","दाएँ_जोड़ें":"padright","दायें_जोड़ें":"padright","padright":"padright","ऐंकर_कोड":"anchorencode","anchorencode":"anchorencode","फ़ाइल_पथ":"filepath","filepath":"filepath","पृष्ठ_आइ_डी":"pageid","pageid":"pageid","विश्व":"int","int":"int","#विशेष":"special","#special":"special","#विशेष_कोड":"speciale","#speciale":
"speciale","#टैग":"tag","#tag":"tag","#तिथि_रूप":"formatdate","#formatdate":"formatdate","#dateformat":"formatdate","#श्रेणी_वृक्ष":"categorytree","#categorytree":"categorytree","#लक्ष्य":"target","#target":"target","#बेबल":"babel","#babel":"babel","#coordinates":"coordinates","#बुलाएँ":"invoke","#बुलायें":"invoke","#invoke":"invoke","#related":"related","#यदि":"if","#if":"if","#यदिसम":"ifeq","#यदि_समान":"ifeq","#यदि_बराबर":"ifeq","#ifeq":"ifeq","#बदलें":"switch","#switch":"switch","#यदि_मौजूद":"ifexist","#ifexist":"ifexist","#यदि_सूत्र":"ifexpr","#ifexpr":"ifexpr","#यदि_त्रुटि":"iferror","#iferror":"iferror","#समय":"time","#time":"time","#समय_स्थानीय":"timel","#timel":"timel","#सूत्र":"expr","#expr":"expr","#सम्बन्धित_से_पूर्ण"
:"rel2abs","#संबंधित_से_पूर्ण":"rel2abs","#rel2abs":"rel2abs","#शीर्षक_भाग":"titleparts","#titleparts":"titleparts","#lst":"lst","#section":"lst","#lstx":"lstx","#section-x":"lstx","#lsth":"lsth","#section-h":"lsth","कोई_अंतरविकी_कड़ियाँ_नहीं":"noexternallanglinks","कोई_अंतरविकि_कड़ियाँ_नहीं":"noexternallanglinks","noexternallanglinks":"noexternallanglinks","#गुण":"property","#property":"property","#statements":"statements","#commaseparatedlist":"commaSeparatedList","लेख_पथ":"articlepath","articlepath":"articlepath","सर्वर":"server","server":"server","सर्वर_नाम":"servername","servername":"servername","स्क्रिप्ट_पथ":"scriptpath","scriptpath":"scriptpath","स्टाइल_पथ":"stylepath","stylepath":"stylepath","numberofwikis":"numberofwikis","wbreponame":"wbreponame"},{
"पृष्ठ_संख्या":"numberofpages","NUMBEROFPAGES":"numberofpages","सदस्य_संख्या":"numberofusers","NUMBEROFUSERS":"numberofusers","सक्रिय_सदस्य_संख्या":"numberofactiveusers","NUMBEROFACTIVEUSERS":"numberofactiveusers","लेख_संख्या":"numberofarticles","NUMBEROFARTICLES":"numberofarticles","फ़ाइल_संख्या":"numberoffiles","फाइल_संख्या":"numberoffiles","NUMBEROFFILES":"numberoffiles","प्रबन्धक_संख्या":"numberofadmins","प्रबंधक_संख्या":"numberofadmins","NUMBEROFADMINS":"numberofadmins","समूह_संख्या":"numberingroup","NUMBERINGROUP":"numberingroup","NUMINGROUP":"numberingroup","सम्पादन_संख्या":"numberofedits","NUMBEROFEDITS":"numberofedits","मूल_सॉर्ट":"defaultsort","DEFAULTSORT":"defaultsort","DEFAULTSORTKEY":"defaultsort","DEFAULTCATEGORYSORT":
"defaultsort","श्रेणी_में_पृष्ठ":"pagesincategory","PAGESINCATEGORY":"pagesincategory","PAGESINCAT":"pagesincategory","पृष्ठ_आकार":"pagesize","PAGESIZE":"pagesize","सुरक्षा_स्तर":"protectionlevel","PROTECTIONLEVEL":"protectionlevel","PROTECTIONEXPIRY":"protectionexpiry","नामस्थान_कोड":"namespacee","NAMESPACEE":"namespacee","नामस्थान_संख्या":"namespacenumber","NAMESPACENUMBER":"namespacenumber","चर्चा_स्थान":"talkspace","TALKSPACE":"talkspace","चर्चा_स्थान_कोड":"talkspacee","TALKSPACEE":"talkspacee","सामग्री_स्थान":"subjectspace","लेख_स्थान":"subjectspace","SUBJECTSPACE":"subjectspace","ARTICLESPACE":"subjectspace","सामग्री_स्थान_कोड":"subjectspacee","लेख_स्थान_कोड":"subjectspacee","SUBJECTSPACEE":"subjectspacee","ARTICLESPACEE":
"subjectspacee","पृष्ठ_नाम":"pagename","PAGENAME":"pagename","पृष्ठ_नाम_कोड":"pagenamee","PAGENAMEE":"pagenamee","पूर्ण_पृष्ठ_नाम":"fullpagename","FULLPAGENAME":"fullpagename","पूर्ण_पृष्ठ_नाम_कोड":"fullpagenamee","FULLPAGENAMEE":"fullpagenamee","मूल_पृष्ठ_नाम":"rootpagename","ROOTPAGENAME":"rootpagename","मूल_पृष्ठ_नाम_कोड":"rootpagenamee","ROOTPAGENAMEE":"rootpagenamee","तल_पृष्ठ_नाम":"basepagename","BASEPAGENAME":"basepagename","तल_पृष्ठ_नाम_कोड":"basepagenamee","BASEPAGENAMEE":"basepagenamee","उपपृष्ठ_नाम":"subpagename","SUBPAGENAME":"subpagename","उपपृष्ठ_नाम_कोड":"subpagenamee","SUBPAGENAMEE":"subpagenamee","चर्चा_पृष्ठ_नाम":"talkpagename","TALKPAGENAME":"talkpagename",
"चर्चा_पृष्ठ_नाम_कोड":"talkpagenamee","TALKPAGENAMEE":"talkpagenamee","सामग्री_पृष्ठ_नाम":"subjectpagename","लेख_पृष्ठ_नाम":"subjectpagename","SUBJECTPAGENAME":"subjectpagename","ARTICLEPAGENAME":"subjectpagename","सामग्री_पृष्ठ_नाम_कोड":"subjectpagenamee","लेख_पृष्ठ_नाम_कोड":"subjectpagenamee","SUBJECTPAGENAMEE":"subjectpagenamee","ARTICLEPAGENAMEE":"subjectpagenamee","अवतरण_संख्या":"revisionid","REVISIONID":"revisionid","अवतरण_दिन":"revisionday","REVISIONDAY":"revisionday","अवतरण_दिन2":"revisionday2","अवतरण_दिन२":"revisionday2","REVISIONDAY2":"revisionday2","अवतरण_माह":"revisionmonth","REVISIONMONTH":"revisionmonth","अवतरण_माह1":"revisionmonth1","अवतरण_माह१":"revisionmonth1","REVISIONMONTH1":"revisionmonth1",
"अवतरण_वर्ष":"revisionyear","REVISIONYEAR":"revisionyear","अवतरण_समय":"revisiontimestamp","REVISIONTIMESTAMP":"revisiontimestamp","अवतरण_सदस्य":"revisionuser","REVISIONUSER":"revisionuser","सीढ़ी_सुरक्षा_स्रोत":"cascadingsources","CASCADINGSOURCES":"cascadingsources","नामस्थान":"namespace","NAMESPACE":"namespace","दृश्य_शीर्षक":"displaytitle","DISPLAYTITLE":"displaytitle","!":"!","वर्तमान_माह":"currentmonth","वर्तमान_माह2":"currentmonth","वर्तमान_माह२":"currentmonth","CURRENTMONTH":"currentmonth","CURRENTMONTH2":"currentmonth","वर्तमान_माह1":"currentmonth1","वर्तमान_माह१":"currentmonth1","CURRENTMONTH1":"currentmonth1","वर्तमान_माह_नाम":"currentmonthname","CURRENTMONTHNAME":"currentmonthname",
"वर्तमान_माह_सम्बन्ध":"currentmonthnamegen","CURRENTMONTHNAMEGEN":"currentmonthnamegen","वर्तमान_माह_संक्षेप":"currentmonthabbrev","CURRENTMONTHABBREV":"currentmonthabbrev","वर्तमान_दिन":"currentday","CURRENTDAY":"currentday","वर्तमान_दिन2":"currentday2","वर्तमान_दिन२":"currentday2","CURRENTDAY2":"currentday2","वर्तमान_दिन_नाम":"currentdayname","CURRENTDAYNAME":"currentdayname","वर्तमान_वर्ष":"currentyear","CURRENTYEAR":"currentyear","वर्तमान_समय":"currenttime","CURRENTTIME":"currenttime","वर्तमान_घंटा":"currenthour","CURRENTHOUR":"currenthour","स्थानीय_माह":"localmonth","स्थानीय_माह2":"localmonth","स्थानीय_माह२":"localmonth","LOCALMONTH":"localmonth","LOCALMONTH2":"localmonth",
"स्थानीय_माह1":"localmonth1","स्थानीय_माह१":"localmonth1","LOCALMONTH1":"localmonth1","स्थानीय_माह_नाम":"localmonthname","LOCALMONTHNAME":"localmonthname","स्थानीय_माह_सम्बन्ध":"localmonthnamegen","LOCALMONTHNAMEGEN":"localmonthnamegen","स्थानीय_माह_संक्षेप":"localmonthabbrev","LOCALMONTHABBREV":"localmonthabbrev","स्थानीय_दिन":"localday","LOCALDAY":"localday","स्थानीय_दिन2":"localday2","स्थानीय_दिन२":"localday2","LOCALDAY2":"localday2","स्थानीय_दिन_नाम":"localdayname","LOCALDAYNAME":"localdayname","स्थानीय_वर्ष":"localyear","LOCALYEAR":"localyear","स्थानीय_समय":"localtime","LOCALTIME":"localtime","स्थानीय_घंटा":"localhour","LOCALHOUR":"localhour","साइट_नाम":"sitename","SITENAME":
"sitename","वर्तमान_सप्ताह":"currentweek","CURRENTWEEK":"currentweek","वर्तमान_सप्ताह_का_दिन":"currentdow","CURRENTDOW":"currentdow","स्थानीय_सप्ताह":"localweek","LOCALWEEK":"localweek","स्थानीय_सप्ताह_का_दिन":"localdow","LOCALDOW":"localdow","अवतरण_आकार":"revisionsize","REVISIONSIZE":"revisionsize","वर्तमान_अवतरण":"currentversion","CURRENTVERSION":"currentversion","वर्तमान_समय_मुहर":"currenttimestamp","CURRENTTIMESTAMP":"currenttimestamp","स्थानीय_समय_मुहर":"localtimestamp","LOCALTIMESTAMP":"localtimestamp","दिशा_चिन्ह":"directionmark","DIRECTIONMARK":"directionmark","DIRMARK":"directionmark","सामग्री_भाषा":"contentlanguage","CONTENTLANGUAGE":"contentlanguage","CONTENTLANG":"contentlanguage","PAGELANGUAGE":"pagelanguage"}],
"urlProtocols":"bitcoin\\:|ftp\\:\\/\\/|ftps\\:\\/\\/|geo\\:|git\\:\\/\\/|gopher\\:\\/\\/|http\\:\\/\\/|https\\:\\/\\/|irc\\:\\/\\/|ircs\\:\\/\\/|magnet\\:|mailto\\:|mms\\:\\/\\/|news\\:|nntp\\:\\/\\/|redis\\:\\/\\/|sftp\\:\\/\\/|sip\\:|sips\\:|sms\\:|ssh\\:\\/\\/|svn\\:\\/\\/|tel\\:|telnet\\:\\/\\/|urn\\:|worldwind\\:\\/\\/|xmpp\\:|\\/\\/","linkTrailCharacters":"/^([a-z\\x{0900}-\\x{0963}\\x{0966}-\\x{A8E0}-\\x{A8FF}]+)(.*)$/sDu"}}