{"extCodeMirrorConfig":{"pluginModules":["ext.CodeMirror.addons"],"tagModes":{"ref":"text/mediawiki","pre":"mw-tag-pre","nowiki":"mw-tag-nowiki"},"tags":{"pre":true,"nowiki":true,"gallery":true,"indicator":true,"langconvert":true,"timeline":true,"hiero":true,"charinsert":true,"inputbox":true,"imagemap":true,"source":true,"syntaxhighlight":true,"poem":true,"categorytree":true,"score":true,"templatestyles":true,"templatedata":true,"math":true,"ce":true,"chem":true,"graph":true,"maplink":true,"mapframe":true,"ref":true,"references":true,"section":true},"doubleUnderscore":[{"__notoc__":"notoc","__nogallery__":"nogallery","__forcetoc__":"forcetoc","__toc__":"toc","__noeditsection__":"noeditsection","__notitleconvert__":"notitleconvert","__notc__":"notitleconvert","__nocontentconvert__":"nocontentconvert","__nocc__":"nocontentconvert"},{"__NEWSECTIONLINK__":"newsectionlink","__NONEWSECTIONLINK__":
"nonewsectionlink","__ لڪل زمرو __":"hiddencat","__HIDDENCAT__":"hiddencat","__EXPECTUNUSEDCATEGORY__":"expectunusedcategory","__INDEX__":"index","__NOINDEX__":"noindex","__STATICREDIRECT__":"staticredirect","__NOGLOBAL__":"noglobal","__DISAMBIG__":"disambiguation"}],"functionSynonyms":[{"نپ":"ns","ns":"ns","nse":"nse","urlencode":"urlencode","lcfirst":"lcfirst","ucfirst":"ucfirst","lc":"lc","uc":"uc","مقامييوآريل":"localurl","localurl":"localurl","localurle":"localurle","مڪمليوآريل":"fullurl","fullurl":"fullurl","fullurle":"fullurle","canonicalurl":"canonicalurl","canonicalurle":"canonicalurle","formatnum":"formatnum","وياڪرڻ":"grammar","grammar":"grammar","gender":"gender","جمع":"plural","plural":"plural","bidi":"bidi","#ٻولي":"language","#language":"language","padleft":"padleft","padright":"padright","anchorencode":"anchorencode","فائيلڏس":"filepath","filepath":"filepath","pageid":"pageid","int":"int","#خاص":"special","#special":
"special","#speciale":"speciale","#tag":"tag","#formatdate":"formatdate","#dateformat":"formatdate","#categorytree":"categorytree","#target":"target","#babel":"babel","#coordinates":"coordinates","#invoke":"invoke","#related":"related","#if":"if","#ifeq":"ifeq","#switch":"switch","#ifexist":"ifexist","#ifexpr":"ifexpr","#iferror":"iferror","#time":"time","#timel":"timel","#expr":"expr","#rel2abs":"rel2abs","#titleparts":"titleparts","#lst":"lst","#section":"lst","#lstx":"lstx","#section-x":"lstx","#lsth":"lsth","#section-h":"lsth","noexternallanglinks":"noexternallanglinks","#property":"property","#statements":"statements","#commaseparatedlist":"commaSeparatedList","articlepath":"articlepath","server":"server","servername":"servername","scriptpath":"scriptpath","stylepath":"stylepath","numberofwikis":"numberofwikis","wbreponame":"wbreponame"},{"صفحنجوتعداد":"numberofpages","NUMBEROFPAGES":"numberofpages","يوزرسجوتعداد":"numberofusers","NUMBEROFUSERS":
"numberofusers","NUMBEROFACTIVEUSERS":"numberofactiveusers","مضموننجوتعداد":"numberofarticles","NUMBEROFARTICLES":"numberofarticles","فائيلنجوتعداد":"numberoffiles","NUMBEROFFILES":"numberoffiles","منتظمينجوتعداد":"numberofadmins","NUMBEROFADMINS":"numberofadmins","NUMBERINGROUP":"numberingroup","NUMINGROUP":"numberingroup","ترميمنجوتعداد":"numberofedits","NUMBEROFEDITS":"numberofedits","DEFAULTSORT":"defaultsort","DEFAULTSORTKEY":"defaultsort","DEFAULTCATEGORYSORT":"defaultsort","زمريجاصفحا":"pagesincategory","PAGESINCATEGORY":"pagesincategory","PAGESINCAT":"pagesincategory","صفحيجيماپ":"pagesize","PAGESIZE":"pagesize","PROTECTIONLEVEL":"protectionlevel","PROTECTIONEXPIRY":"protectionexpiry","NAMESPACEE":"namespacee","NAMESPACENUMBER":"namespacenumber","بحثپولار":"talkspace","TALKSPACE":"talkspace","TALKSPACEE":"talkspacee","مضمونپولار":"subjectspace","SUBJECTSPACE":"subjectspace","ARTICLESPACE":
"subjectspace","SUBJECTSPACEE":"subjectspacee","ARTICLESPACEE":"subjectspacee","صفحيجوعنوان":"pagename","PAGENAME":"pagename","PAGENAMEE":"pagenamee","صحفيجوپورونالو":"fullpagename","FULLPAGENAME":"fullpagename","FULLPAGENAMEE":"fullpagenamee","ROOTPAGENAME":"rootpagename","ROOTPAGENAMEE":"rootpagenamee","BASEPAGENAME":"basepagename","BASEPAGENAMEE":"basepagenamee","SUBPAGENAME":"subpagename","SUBPAGENAMEE":"subpagenamee","TALKPAGENAME":"talkpagename","TALKPAGENAMEE":"talkpagenamee","SUBJECTPAGENAME":"subjectpagename","ARTICLEPAGENAME":"subjectpagename","SUBJECTPAGENAMEE":"subjectpagenamee","ARTICLEPAGENAMEE":"subjectpagenamee","REVISIONID":"revisionid","REVISIONDAY":"revisionday","REVISIONDAY2":"revisionday2","REVISIONMONTH":"revisionmonth","REVISIONMONTH1":"revisionmonth1","REVISIONYEAR":"revisionyear","REVISIONTIMESTAMP":"revisiontimestamp","REVISIONUSER":"revisionuser","CASCADINGSOURCES":"cascadingsources","نانئپولار":"namespace","NAMESPACE":
"namespace","DISPLAYTITLE":"displaytitle","!":"!","CURRENTMONTH":"currentmonth","CURRENTMONTH2":"currentmonth","CURRENTMONTH1":"currentmonth1","CURRENTMONTHNAME":"currentmonthname","CURRENTMONTHNAMEGEN":"currentmonthnamegen","CURRENTMONTHABBREV":"currentmonthabbrev","CURRENTDAY":"currentday","CURRENTDAY2":"currentday2","CURRENTDAYNAME":"currentdayname","CURRENTYEAR":"currentyear","CURRENTTIME":"currenttime","CURRENTHOUR":"currenthour","مقاميمهينو":"localmonth","LOCALMONTH":"localmonth","LOCALMONTH2":"localmonth","LOCALMONTH1":"localmonth1","مقاميمهينونالو":"localmonthname","LOCALMONTHNAME":"localmonthname","LOCALMONTHNAMEGEN":"localmonthnamegen","LOCALMONTHABBREV":"localmonthabbrev","مقاميڏينهن":"localday","LOCALDAY":"localday","مقاميڏينهن2":"localday2","LOCALDAY2":"localday2","مقاميڏينهننالو":"localdayname","LOCALDAYNAME":"localdayname","مقاميسال":"localyear","LOCALYEAR":"localyear","مقاميوقت":"localtime",
"LOCALTIME":"localtime","مقاميڪلاڪ":"localhour","LOCALHOUR":"localhour","سرزميننالو":"sitename","SITENAME":"sitename","هلندڙهفتو":"currentweek","CURRENTWEEK":"currentweek","اڄوڪوڏينهن":"currentdow","CURRENTDOW":"currentdow","مقاميهفتو":"localweek","LOCALWEEK":"localweek","LOCALDOW":"localdow","REVISIONSIZE":"revisionsize","CURRENTVERSION":"currentversion","هلندڙوقتمهر":"currenttimestamp","CURRENTTIMESTAMP":"currenttimestamp","مقاميوقتمهر":"localtimestamp","LOCALTIMESTAMP":"localtimestamp","طرفنشان":"directionmark","DIRECTIONMARK":"directionmark","DIRMARK":"directionmark","موادٻولي":"contentlanguage","CONTENTLANGUAGE":"contentlanguage","CONTENTLANG":"contentlanguage","PAGELANGUAGE":"pagelanguage"}],"urlProtocols":
"bitcoin\\:|ftp\\:\\/\\/|ftps\\:\\/\\/|geo\\:|git\\:\\/\\/|gopher\\:\\/\\/|http\\:\\/\\/|https\\:\\/\\/|irc\\:\\/\\/|ircs\\:\\/\\/|magnet\\:|mailto\\:|mms\\:\\/\\/|news\\:|nntp\\:\\/\\/|redis\\:\\/\\/|sftp\\:\\/\\/|sip\\:|sips\\:|sms\\:|ssh\\:\\/\\/|svn\\:\\/\\/|tel\\:|telnet\\:\\/\\/|urn\\:|worldwind\\:\\/\\/|xmpp\\:|\\/\\/","linkTrailCharacters":"/^([a-z]+)(.*)$/sD"}}