{"extCodeMirrorConfig":{"pluginModules":["ext.CodeMirror.addons"],"tagModes":{"ref":"text/mediawiki","pre":"mw-tag-pre","nowiki":"mw-tag-nowiki"},"tags":{"pre":true,"nowiki":true,"gallery":true,"indicator":true,"langconvert":true,"timeline":true,"hiero":true,"charinsert":true,"inputbox":true,"imagemap":true,"source":true,"syntaxhighlight":true,"poem":true,"categorytree":true,"score":true,"templatestyles":true,"templatedata":true,"math":true,"ce":true,"chem":true,"graph":true,"maplink":true,"mapframe":true,"ref":true,"references":true,"section":true},"doubleUnderscore":[{"__ingainnhaldsliste__":"notoc","__ingeninnholdsliste__":"notoc","__notoc__":"notoc","__ingeninnholdsfortegnelse__":"notoc","__inkjegalleri__":"nogallery","__nogallery__":"nogallery","__intetgalleri__":"nogallery","__alltidinnhaldsliste__":"forcetoc","__alltidinnholdsliste__":"forcetoc","__forcetoc__":"forcetoc",
"__tvinginnholdsfortegnelse__":"forcetoc","__innhaldsliste__":"toc","__innholdsliste__":"toc","__toc__":"toc","__innholdsfortegnelse__":"toc","__ingabolkendring__":"noeditsection","__ingabolkredigering__":"noeditsection","__ingendelendring__":"noeditsection","__noeditsection__":"noeditsection","__ingenseksjonsredigering__":"noeditsection","__ingentittelkonvertering__":"notitleconvert","__notitleconvert__":"notitleconvert","__notc__":"notitleconvert","__ingeninnholdskonvertering__":"nocontentconvert","__nocontentconvert__":"nocontentconvert","__nocc__":"nocontentconvert"},{"__NYSEKSJONSLENKE__":"newsectionlink","__NEWSECTIONLINK__":"newsectionlink","__INGENNYSEKSJONSLENKE__":"nonewsectionlink","__NONEWSECTIONLINK__":"nonewsectionlink","__GØYMDKAT__":"hiddencat","__LØYNDKAT__":"hiddencat","__HIDDENCAT__":"hiddencat","__SKJULTKATEGORI__":"hiddencat","__EXPECTUNUSEDCATEGORY__":"expectunusedcategory","__INDEKSER__":"index","__INDEX__":"index","__INGENINDEKSERING__":"noindex","__NOINDEX__"
:"noindex","__STATISTOMDIRIGERING__":"staticredirect","__STATICREDIRECT__":"staticredirect","__NOGLOBAL__":"noglobal","__PEKER__":"disambiguation","__DISAMBIG__":"disambiguation"}],"functionSynonyms":[{"nr":"ns","ns":"ns","nse":"nse","urlencode":"urlencode","lfyrst":"lcfirst","lførst":"lcfirst","lcfirst":"lcfirst","sfyrst":"ucfirst","sførst":"ucfirst","ucfirst":"ucfirst","små":"lc","lc":"lc","store":"uc","uc":"uc","lokallenkje":"localurl","lokallenke":"localurl","localurl":"localurl","lokalurl":"localurl","lokallenkjee":"localurle","lokallenkee":"localurle","localurle":"localurle","lokalurle":"localurle","fullurl":"fullurl","fullurle":"fullurle","canonicalurl":"canonicalurl","canonicalurle":"canonicalurle","formattal":"formatnum","formatnum":"formatnum","grammatikk":"grammar","grammar":"grammar","kjønn":"gender","gender":"gender","fleirtal":"plural","plural":"plural","flertall":"plural","bidi":"bidi","#språk":"language","#language":"language","padleft":"padleft","padright":
"padright","anchorencode":"anchorencode","filstig":"filepath","filepath":"filepath","filsti":"filepath","sideid":"pageid","pageid":"pageid","int":"int","#spesial":"special","#special":"special","#speciale":"speciale","#merke":"tag","#tag":"tag","#datoformat":"formatdate","#formatdate":"formatdate","#dateformat":"formatdate","#kategoritre":"categorytree","#categorytree":"categorytree","#mål":"target","#target":"target","#babel":"babel","#coordinates":"coordinates","#køyr":"invoke","#kjør":"invoke","#invoke":"invoke","#related":"related","#om":"if","#if":"if","#omlik":"ifeq","#ifeq":"ifeq","#byt":"switch","#switch":"switch","#omfinst":"ifexist","#ifexist":"ifexist","#omuttrykk":"ifexpr","#omuttr":"ifexpr","#ifexpr":"ifexpr","#omfeil":"iferror","#iferror":"iferror","#tid":"time","#time":"time","#tidl":"timel","#timel":"timel","#uttrykk":"expr","#uttr":"expr","#expr":"expr","#reltilabs":"rel2abs","#rel2abs":"rel2abs","#titteldelar":"titleparts","#titleparts":"titleparts","#lst":"lst",
"#section":"lst","#lstx":"lstx","#section-x":"lstx","#lsth":"lsth","#section-h":"lsth","ingenspråklenkjerutanfrå":"noexternallanglinks","ingenspråklenkerutenfra":"noexternallanglinks","noexternallanglinks":"noexternallanglinks","#eigenskap":"property","#egenskap":"property","#property":"property","#påstandar":"statements","#påstander":"statements","#statements":"statements","#kommaadskiltliste":"commaSeparatedList","#commaseparatedlist":"commaSeparatedList","artikkelstig":"articlepath","articlepath":"articlepath","artikkelsti":"articlepath","tenar":"server","tjener":"server","server":"server","tenarnamn":"servername","tjenernavn":"servername","servername":"servername","skriptstig":"scriptpath","skriptsti":"scriptpath","scriptpath":"scriptpath","stilsti":"stylepath","stylepath":"stylepath","numberofwikis":"numberofwikis","wbreponame":"wbreponame"},{"SIDETAL":"numberofpages","NUMBEROFPAGES":"numberofpages","ANTALLSIDER":"numberofpages","BRUKARTAL":"numberofusers","NUMBEROFUSERS":
"numberofusers","ANTALLBRUKERE":"numberofusers","AKTIVEBRUKARAR":"numberofactiveusers","NUMBEROFACTIVEUSERS":"numberofactiveusers","ANTALLAKTIVEBRUKERE":"numberofactiveusers","INNHALDSSIDETAL":"numberofarticles","INNHOLDSSIDETALL":"numberofarticles","NUMBEROFARTICLES":"numberofarticles","ANTALLARTIKLER":"numberofarticles","FILTAL":"numberoffiles","NUMBEROFFILES":"numberoffiles","ANTALLFILER":"numberoffiles","ADMINTAL":"numberofadmins","ADMINISTRATORTAL":"numberofadmins","NUMBEROFADMINS":"numberofadmins","ANTALLADMINISTRATORER":"numberofadmins","NUMMERIGRUPPE":"numberingroup","NUMBERINGROUP":"numberingroup","NUMINGROUP":"numberingroup","ENDRINGSTAL":"numberofedits","NUMBEROFEDITS":"numberofedits","ANTALLREDIGERINGER":"numberofedits","STANDARDSORTERING":"defaultsort","SORTERINGSNYKEL":"defaultsort","SORTERINGSNØKKEL":"defaultsort","DEFAULTSORT":"defaultsort","DEFAULTSORTKEY":"defaultsort","DEFAULTCATEGORYSORT":"defaultsort","SIDERIKAT":"pagesincategory","SIDERIKATEGORI":
"pagesincategory","PAGESINCATEGORY":"pagesincategory","PAGESINCAT":"pagesincategory","SIDESTORLEIK":"pagesize","PAGESIZE":"pagesize","SIDESTØRRELSE":"pagesize","VERNENIVÅ":"protectionlevel","PROTECTIONLEVEL":"protectionlevel","BESKYTTELSESNIVÅ":"protectionlevel","PROTECTIONEXPIRY":"protectionexpiry","NAVNEROME":"namespacee","NAMESPACEE":"namespacee","NAMESPACENUMBER":"namespacenumber","DISKUSJONSROM":"talkspace","TALKSPACE":"talkspace","DISKUSJONSROME":"talkspacee","TALKSPACEE":"talkspacee","SUBJEKTROM":"subjectspace","ARTIKKELROM":"subjectspace","SUBJECTSPACE":"subjectspace","ARTICLESPACE":"subjectspace","SUBJEKTROME":"subjectspacee","ARTIKKELROME":"subjectspacee","SUBJECTSPACEE":"subjectspacee","ARTICLESPACEE":"subjectspacee","SIDENAMN":"pagename","SIDENAVN":"pagename","PAGENAME":"pagename","SIDENAMNE":"pagenamee","SIDENAVNE":"pagenamee","PAGENAMEE":"pagenamee","FULLTSIDENAMN":"fullpagename","FULLPAGENAME":"fullpagename","FULLTSIDENAVN":"fullpagename","FULLTSIDENAVNE":
"fullpagenamee","FULLPAGENAMEE":"fullpagenamee","ROOTPAGENAME":"rootpagename","ROOTPAGENAMEE":"rootpagenamee","HOVUDSIDENAMN":"basepagename","BASEPAGENAME":"basepagename","GRUNNSIDENAVN":"basepagename","GRUNNSIDENAVNE":"basepagenamee","BASEPAGENAMEE":"basepagenamee","UNDERSIDENAMN":"subpagename","SUBPAGENAME":"subpagename","UNDERSIDENAVN":"subpagename","UNDERSIDENAVNE":"subpagenamee","SUBPAGENAMEE":"subpagenamee","DISKUSJONSSIDENAMN":"talkpagename","TALKPAGENAME":"talkpagename","DISKUSJONSSIDENAVN":"talkpagename","DISKUSJONSSIDENAVNE":"talkpagenamee","TALKPAGENAMEE":"talkpagenamee","SUBJEKTSIDENAVN":"subjectpagename","ARTIKKELSIDENAVN":"subjectpagename","SUBJECTPAGENAME":"subjectpagename","ARTICLEPAGENAME":"subjectpagename","SUBJEKTSIDENAVNE":"subjectpagenamee","ARTIKKELSIDENAVNE":"subjectpagenamee","SUBJECTPAGENAMEE":"subjectpagenamee","ARTICLEPAGENAMEE":"subjectpagenamee","VERSJONSID":"revisionid","REVISIONID":"revisionid","REVISJONSID":"revisionid","VERSJONSDAG":"revisionday",
"REVISIONDAY":"revisionday","REVISJONSDAG":"revisionday","VERSJONSDAG2":"revisionday2","REVISIONDAY2":"revisionday2","REVISJONSDAG2":"revisionday2","VERSJONSMÅNAD":"revisionmonth","REVISIONMONTH":"revisionmonth","REVISJONSMÅNED":"revisionmonth","VERSJONSMÅNAD1":"revisionmonth1","REVISIONMONTH1":"revisionmonth1","REVISJONSMÅNED1":"revisionmonth1","VERSJONSÅR":"revisionyear","REVISIONYEAR":"revisionyear","REVISJONSÅR":"revisionyear","VERSJONSTIDSTEMPEL":"revisiontimestamp","REVISIONTIMESTAMP":"revisiontimestamp","REVISJONSTIDSSTEMPEL":"revisiontimestamp","VERSJONSBRUKAR":"revisionuser","REVISIONUSER":"revisionuser","REVISJONSBRUKER":"revisionuser","CASCADINGSOURCES":"cascadingsources","NAMNEROM":"namespace","NAVNEROM":"namespace","NAMESPACE":"namespace","VISTITTEL":"displaytitle","DISPLAYTITLE":"displaytitle","!":"!","MÅNADNO":"currentmonth","MÅNEDNÅ":"currentmonth","CURRENTMONTH":"currentmonth","CURRENTMONTH2":"currentmonth","NÅVÆRENDEMÅNED":"currentmonth",
"NÅVÆRENDEMÅNED2":"currentmonth","NÅVÆRENDEMÅNED1":"currentmonth1","CURRENTMONTH1":"currentmonth1","MÅNADNONAMN":"currentmonthname","MÅNEDNÅNAVN":"currentmonthname","CURRENTMONTHNAME":"currentmonthname","NÅVÆRENDEMÅNEDSNAVN":"currentmonthname","NÅVÆRENDEMÅNEDSNAVNGEN":"currentmonthnamegen","CURRENTMONTHNAMEGEN":"currentmonthnamegen","MÅNADNOKORT":"currentmonthabbrev","MÅNEDNÅKORT":"currentmonthabbrev","CURRENTMONTHABBREV":"currentmonthabbrev","NÅVÆRENDEMÅNEDSNAVNKORT":"currentmonthabbrev","DAGNO":"currentday","DAGNÅ":"currentday","CURRENTDAY":"currentday","NÅVÆRENDEDAG":"currentday","DAGNO2":"currentday2","DAGNÅ2":"currentday2","CURRENTDAY2":"currentday2","NÅVÆRENDEDAG2":"currentday2","DAGNONAMN":"currentdayname","DAGNÅNAVN":"currentdayname","CURRENTDAYNAME":"currentdayname","NÅVÆRENDEDAGSNAVN":"currentdayname","ÅRNO":"currentyear","ÅRNÅ":"currentyear","CURRENTYEAR":"currentyear","NÅVÆRENDEÅR":"currentyear","TIDNO":"currenttime","TIDNÅ":
"currenttime","CURRENTTIME":"currenttime","NÅVÆRENDETID":"currenttime","TIMENO":"currenthour","CURRENTHOUR":"currenthour","NÅVÆRENDETIME":"currenthour","LOKALMÅNED":"localmonth","LOKALMÅNED2":"localmonth","LOCALMONTH":"localmonth","LOCALMONTH2":"localmonth","LOKALMÅNED1":"localmonth1","LOCALMONTH1":"localmonth1","LOKALMÅNEDSNAVN":"localmonthname","LOCALMONTHNAME":"localmonthname","LOKALMÅNEDSNAVNGEN":"localmonthnamegen","LOCALMONTHNAMEGEN":"localmonthnamegen","LOKALMÅNEDSNAVNKORT":"localmonthabbrev","LOCALMONTHABBREV":"localmonthabbrev","LOKALDAG":"localday","LOCALDAY":"localday","LOKALDAG2":"localday2","LOCALDAY2":"localday2","LOKALDAGSNAVN":"localdayname","LOCALDAYNAME":"localdayname","LOKALTÅR":"localyear","LOCALYEAR":"localyear","LOKALTID":"localtime","LOCALTIME":"localtime","LOKALTIME":"localhour","LOCALHOUR":"localhour","NETTSTADNAMN":"sitename","SITENAME":"sitename","VEKENRNO":"currentweek","UKENRNÅ":"currentweek","CURRENTWEEK":"currentweek","NÅVÆRENDEUKE":
"currentweek","VEKEDAGNRNO":"currentdow","UKEDAGNRNÅ":"currentdow","CURRENTDOW":"currentdow","NÅVÆRENDEUKEDAG":"currentdow","LOKALVEKE":"localweek","LOCALWEEK":"localweek","LOKALUKE":"localweek","LOKALUKEDAG":"localdow","LOCALDOW":"localdow","REVISIONSIZE":"revisionsize","VERSJONNO":"currentversion","CURRENTVERSION":"currentversion","NÅVÆRENDEVERSJON":"currentversion","NÅVÆRENDETIDSSTEMPEL":"currenttimestamp","CURRENTTIMESTAMP":"currenttimestamp","LOKALTTIDSSTEMPEL":"localtimestamp","LOCALTIMESTAMP":"localtimestamp","DIRECTIONMARK":"directionmark","DIRMARK":"directionmark","INNHALDSSPRÅK":"contentlanguage","CONTENTLANGUAGE":"contentlanguage","CONTENTLANG":"contentlanguage","INNHOLDSSPRÅK":"contentlanguage","PAGELANGUAGE":"pagelanguage"}],"urlProtocols":
"bitcoin\\:|ftp\\:\\/\\/|ftps\\:\\/\\/|geo\\:|git\\:\\/\\/|gopher\\:\\/\\/|http\\:\\/\\/|https\\:\\/\\/|irc\\:\\/\\/|ircs\\:\\/\\/|magnet\\:|mailto\\:|mms\\:\\/\\/|news\\:|nntp\\:\\/\\/|redis\\:\\/\\/|sftp\\:\\/\\/|sip\\:|sips\\:|sms\\:|ssh\\:\\/\\/|svn\\:\\/\\/|tel\\:|telnet\\:\\/\\/|urn\\:|worldwind\\:\\/\\/|xmpp\\:|\\/\\/","linkTrailCharacters":"/^([æøåa-z]+)(.*)$/sDu"}}