{"extCodeMirrorConfig":{"pluginModules":["ext.CodeMirror.addons"],"tagModes":{"ref":"text/mediawiki","pre":"mw-tag-pre","nowiki":"mw-tag-nowiki"},"tags":{"pre":true,"nowiki":true,"gallery":true,"indicator":true,"langconvert":true,"timeline":true,"hiero":true,"charinsert":true,"inputbox":true,"imagemap":true,"source":true,"syntaxhighlight":true,"poem":true,"categorytree":true,"score":true,"templatestyles":true,"templatedata":true,"math":true,"ce":true,"chem":true,"graph":true,"maplink":true,"mapframe":true,"ref":true,"references":true,"section":true},"doubleUnderscore":[{"__estençino__":"notoc","__notoc__":"notoc","__galeriçino__":"nogallery","__nogallery__":"nogallery","__estenzaruret__":"forcetoc","__forcetoc__":"forcetoc","__esten__":"toc","__toc__":"toc","__timarkerdişçino__":"noeditsection","__noeditsection__":"noeditsection","__sernamevurnayişçino__":"notitleconvert","__svç__":
"notitleconvert","__notitleconvert__":"notitleconvert","__notc__":"notitleconvert","__zerrevurnayişçino__":"nocontentconvert","__zvç__":"nocontentconvert","__nocontentconvert__":"nocontentconvert","__nocc__":"nocontentconvert"},{"__GREYÉSERNAMEDÉNEWİ__":"newsectionlink","__NEWSECTIONLINK__":"newsectionlink","__GREYÉSERNAMEDÉNEWİÇINO__":"nonewsectionlink","__NONEWSECTIONLINK__":"nonewsectionlink","__KATEGORİYANIMITİ__":"hiddencat","__HIDDENCAT__":"hiddencat","__EXPECTUNUSEDCATEGORY__":"expectunusedcategory","__SERSIQ__":"index","__INDEX__":"index","__SERSIQÇINYO__":"noindex","__NOINDEX__":"noindex","__STATİKHETENAYIŞ__":"staticredirect","__STATICHETENAYIŞ__":"staticredirect","__STATICREDIRECT__":"staticredirect","__NOGLOBAL__":"noglobal","__DISAMBIG__":"disambiguation"}],"functionSynonyms":[{"cn":"ns","ns":"ns","cnv":"nse","nse":"nse","urlencode":"urlencode","khilk":"lcfirst","lcfirst":"lcfirst","bhilk":"ucfirst","ucfirst":"ucfirst","kh":"lc","lc":"lc","bh":"uc","uc":
"uc","lokalgre":"localurl","localurl":"localurl","lokalgrev":"localurle","localurle":"localurle","greheme":"fullurl","fullurl":"fullurl","greyheme":"fullurle","fullurle":"fullurle","greyékanonik":"canonicalurl","canonicalurl":"canonicalurl","greyokanonik":"canonicalurle","canonicalurle":"canonicalurle","babetnayiş":"formatnum","formatnum":"formatnum","gramer":"grammar","grammar":"grammar","cinsiyet":"gender","gender":"gender","zafen":"plural","plural":"plural","bidi":"bidi","#ziwan":"language","#language":"language","çepipirk":"padleft","padleft":"padleft","raştipirk":"padright","padright":"padright","anchorencode":"anchorencode","rayadosya":"filepath","filepath":"filepath","nimreyperer":"pageid","pageid":"pageid","int":"int","#bağse":"special","#special":"special","#bağsiye":"speciale","#speciale":"speciale","#etiket":"tag","#tag":"tag","#deméformati":"formatdate","#formatdate":"formatdate","#dateformat":"formatdate","#darakategori":"categorytree","#categorytree":"categorytree"
,"#hedef":"target","#target":"target","#babil":"babel","#babel":"babel","#coordinates":"coordinates","#veynden":"invoke","#invoke":"invoke","#related":"related","#se":"if","#if":"if","#sek":"ifeq","#ifeq":"ifeq","#rayek":"switch","#switch":"switch","#ifexist":"ifexist","#ifadeyose":"ifexpr","#ifexpr":"ifexpr","#çınyose":"iferror","#iferror":"iferror","#zeman":"time","#time":"time","#timel":"timel","#ifade":"expr","#expr":"expr","#rel2abs":"rel2abs","#titleparts":"titleparts","#lst":"lst","#section":"lst","#lstx":"lstx","#section-x":"lstx","#lsth":"lsth","#section-h":"lsth","tebergreyzuwaniçıniyo":"noexternallanglinks","noexternallanglinks":"noexternallanglinks","#nitelıg":"property","#property":"property","#statements":"statements","#commaseparatedlist":"commaSeparatedList","sopaperan":"articlepath","articlepath":"articlepath","arden":"server","server":"server","nameyarden":"servername","servername":"servername","rayascripti":"scriptpath","scriptpath":"scriptpath","terzétewri":
"stylepath","stylepath":"stylepath","numberofwikis":"numberofwikis","wbreponame":"wbreponame"},{"AMARİYAPELAN":"numberofpages","NUMBEROFPAGES":"numberofpages","AMARİYAKARBERAN":"numberofusers","NUMBEROFUSERS":"numberofusers","AMARİYAAKTİVKARBERAN":"numberofactiveusers","NUMBEROFACTIVEUSERS":"numberofactiveusers","AMARİYAWESİQAN":"numberofarticles","NUMBEROFARTICLES":"numberofarticles","AMARİYADOSYAYAN":"numberoffiles","NUMBEROFFILES":"numberoffiles","AMARİYAADMİNAN":"numberofadmins","NUMBEROFADMINS":"numberofadmins","AMARİYAGRUBER":"numberingroup","AMARGRUB":"numberingroup","NUMBERINGROUP":"numberingroup","NUMINGROUP":"numberingroup","AMARİYAVURNAYIŞAN":"numberofedits","NUMBEROFEDITS":"numberofedits","RATNAYIŞOHESBNAYIŞ":"defaultsort","SIRMEYRATNAYIŞOHESBNAYIŞ":"defaultsort","KATEGORİYARATNAYIŞOHESBNAYIŞ":"defaultsort","DEFAULTSORT":"defaultsort","DEFAULTSORTKEY":"defaultsort","DEFAULTCATEGORYSORT":"defaultsort","PERÉKKATEGORİDEYÉ":"pagesincategory","PERKATMİYAN"
:"pagesincategory","PAGESINCATEGORY":"pagesincategory","PAGESINCAT":"pagesincategory","EBATAPERER":"pagesize","PAGESIZE":"pagesize","SEWİYEYASTARAN":"protectionlevel","PROTECTIONLEVEL":"protectionlevel","PROTECTIONEXPIRY":"protectionexpiry","CANAMEE":"namespacee","NAMESPACEE":"namespacee","AMARİYACANAME":"namespacenumber","NAMESPACENUMBER":"namespacenumber","CAYÉVATENAYIŞİ":"talkspace","TALKSPACE":"talkspace","CAYÉVATENAYIŞAN":"talkspacee","TALKSPACEE":"talkspacee","CAYÉMESEL":"subjectspace","CAYÉWESİQE":"subjectspace","SUBJECTSPACE":"subjectspace","ARTICLESPACE":"subjectspace","CAYÉMESELAN":"subjectspacee","CAYÉWESİQAN":"subjectspacee","SUBJECTSPACEE":"subjectspacee","ARTICLESPACEE":"subjectspacee","NAMEYPELA":"pagename","PAGENAME":"pagename","NAMEYPELAA":"pagenamee","PAGENAMEE":"pagenamee","NAMEYPERERPÉRO":"fullpagename","FULLPAGENAME":"fullpagename","NAMEYPERERPÉRON":"fullpagenamee","FULLPAGENAMEE":"fullpagenamee","NAMEYRÉÇERDAPERER":"rootpagename","ROOTPAGENAME":
"rootpagename","NAMEYRÉÇERDAPERAN":"rootpagenamee","ROOTPAGENAMEE":"rootpagenamee","NAMEYESASPERER":"basepagename","BASEPAGENAME":"basepagename","NAMEYESASPERAN":"basepagenamee","BASEPAGENAMEE":"basepagenamee","NAMEYBINPERER":"subpagename","SUBPAGENAME":"subpagename","NAMEYBINPERERAN":"subpagenamee","SUBPAGENAMEE":"subpagenamee","NAMEYPERAVATENAYIŞİ":"talkpagename","TALKPAGENAME":"talkpagename","NAMEYPERAVATENAYIŞAN":"talkpagenamee","TALKPAGENAMEE":"talkpagenamee","NAMEYPERDAMESEL":"subjectpagename","NAMEYPERDAWESİQE":"subjectpagename","SUBJECTPAGENAME":"subjectpagename","ARTICLEPAGENAME":"subjectpagename","NAMEYPERDAMESELER":"subjectpagenamee","NAMEYPERDAWESİQER":"subjectpagenamee","SUBJECTPAGENAMEE":"subjectpagenamee","ARTICLEPAGENAMEE":"subjectpagenamee","NIMREYREVİZYONİ":"revisionid","REVISIONID":"revisionid","ROCAREVİZYONİ":"revisionday","REVISIONDAY":"revisionday","ROCAREVİZYON2":"revisionday2","REVISIONDAY2":"revisionday2","AŞMAREVİZYONİ":"revisionmonth",
"REVISIONMONTH":"revisionmonth","AŞMAREVİZYONİ1":"revisionmonth1","REVISIONMONTH1":"revisionmonth1","SERRAREVİZYONİ":"revisionyear","REVISIONYEAR":"revisionyear","MALUMATAREVİZYONDADEMİ":"revisiontimestamp","REVISIONTIMESTAMP":"revisiontimestamp","REVİZYONAKARBERİ":"revisionuser","REVISIONUSER":"revisionuser","CASCADINGSOURCES":"cascadingsources","CANAME":"namespace","NAMESPACE":"namespace","SERNAMİBASNI":"displaytitle","DISPLAYTITLE":"displaytitle","!":"!","AŞMİYANEWKİ":"currentmonth","MEWCUDAŞMİ2":"currentmonth","CURRENTMONTH":"currentmonth","CURRENTMONTH2":"currentmonth","AŞMİYANEWKİ1":"currentmonth1","CURRENTMONTH1":"currentmonth1","NAMEYAŞMDANEWKİ":"currentmonthname","CURRENTMONTHNAME":"currentmonthname","AŞMACIYANEWKİ":"currentmonthnamegen","CURRENTMONTHNAMEGEN":"currentmonthnamegen","AŞMİYANEWKİKILMKERDIŞ":"currentmonthabbrev","CURRENTMONTHABBREV":"currentmonthabbrev","ROCENEWKİ":"currentday","CURRENTDAY":"currentday","ROCENEWKİ2":"currentday2",
"CURRENTDAY2":"currentday2","NAMEYÉROCENEWKİ":"currentdayname","CURRENTDAYNAME":"currentdayname","SERRENEWKİ":"currentyear","CURRENTYEAR":"currentyear","DEMENEWKİ":"currenttime","CURRENTTIME":"currenttime","SEHATNEWKİ":"currenthour","CURRENTHOUR":"currenthour","WAREYAŞMİ":"localmonth","WAREYAŞMİ2":"localmonth","LOCALMONTH":"localmonth","LOCALMONTH2":"localmonth","WAREYAŞMİ1":"localmonth1","LOCALMONTH1":"localmonth1","NAMEYÉWAREYAŞMİ":"localmonthname","LOCALMONTHNAME":"localmonthname","NAMEYWAREDÉAŞMİDACI":"localmonthnamegen","LOCALMONTHNAMEGEN":"localmonthnamegen","WAREYAŞMİKILMKERDIŞ":"localmonthabbrev","LOCALMONTHABBREV":"localmonthabbrev","WAREYROCE":"localday","LOCALDAY":"localday","WAREYROCE2":"localday2","LOCALDAY2":"localday2","NAMEYÉWAREYROCE":"localdayname","LOCALDAYNAME":"localdayname","WAREYSERRE":"localyear","LOCALYEAR":"localyear","WAREYDEME":"localtime","LOCALTIME":"localtime","WAREYSEHAT":"localhour","LOCALHOUR":"localhour","NAMEYSİTA":"sitename",
"SITENAME":"sitename","MEVCUDHEFTE":"currentweek","CURRENTWEEK":"currentweek","MEVCUDWAREYHEFTİ":"currentdow","CURRENTDOW":"currentdow","WAREYHEFTİ":"localweek","LOCALWEEK":"localweek","WAREYROCAHEFTİ":"localdow","LOCALDOW":"localdow","EBATAREVİZYONİ":"revisionsize","REVISIONSIZE":"revisionsize","VERSİYONVNEWKİ":"currentversion","CURRENTVERSION":"currentversion","WAREYSEHATÉNEWKİ":"currenttimestamp","CURRENTTIMESTAMP":"currenttimestamp","MALUMATÉWAREYSEHAT":"localtimestamp","LOCALTIMESTAMP":"localtimestamp","HETANIŞANKERDIŞ":"directionmark","HETNIŞAN":"directionmark","DIRECTIONMARK":"directionmark","DIRMARK":"directionmark","ZUWANÉKESTÉ":"contentlanguage","ZUWESTEN":"contentlanguage","CONTENTLANGUAGE":"contentlanguage","CONTENTLANG":"contentlanguage","PAGELANGUAGE":"pagelanguage"}],"urlProtocols":
"bitcoin\\:|ftp\\:\\/\\/|ftps\\:\\/\\/|geo\\:|git\\:\\/\\/|gopher\\:\\/\\/|http\\:\\/\\/|https\\:\\/\\/|irc\\:\\/\\/|ircs\\:\\/\\/|magnet\\:|mailto\\:|mms\\:\\/\\/|news\\:|nntp\\:\\/\\/|redis\\:\\/\\/|sftp\\:\\/\\/|sip\\:|sips\\:|sms\\:|ssh\\:\\/\\/|svn\\:\\/\\/|tel\\:|telnet\\:\\/\\/|urn\\:|worldwind\\:\\/\\/|xmpp\\:|\\/\\/","linkTrailCharacters":"/^([a-z]+)(.*)$/sD"}}